computer,url
Acer MPF-1,http://www.starringthecomputer.com//computer.html?c=172
Acorn Archimedes,http://www.starringthecomputer.com//computer.html?c=68
Alienware 15,http://www.starringthecomputer.com//computer.html?c=416
Amstrad CPC 464,http://www.starringthecomputer.com//computer.html?c=140
Apple Aluminum iMac,http://www.starringthecomputer.com//computer.html?c=233
Applied Technologies MicroBee 32,http://www.starringthecomputer.com//computer.html?c=360
Apricot PC,http://www.starringthecomputer.com//computer.html?c=258
Arduino Duemilanove,http://www.starringthecomputer.com//computer.html?c=415
Arma Torpedo Data Computer,http://www.starringthecomputer.com//computer.html?c=253
Asus EEE PC,http://www.starringthecomputer.com//computer.html?c=142
AT&T PC 6300,http://www.starringthecomputer.com//computer.html?c=49
Atari 1200 XL,http://www.starringthecomputer.com//computer.html?c=121
Bendix G-15,http://www.starringthecomputer.com//computer.html?c=366
Brother Opus WP510,http://www.starringthecomputer.com//computer.html?c=281
Bull Micral 30,http://www.starringthecomputer.com//computer.html?c=400
Burroughs B200,http://www.starringthecomputer.com//computer.html?c=277
Casio Cassiopeia E-100,http://www.starringthecomputer.com//computer.html?c=312
CDC 3100,http://www.starringthecomputer.com//computer.html?c=255
Clary DE-60,http://www.starringthecomputer.com//computer.html?c=297
Clevo P151SM1,http://www.starringthecomputer.com//computer.html?c=375
Commodore 128,http://www.starringthecomputer.com//computer.html?c=150
Compaq Concerto,http://www.starringthecomputer.com//computer.html?c=321
Compupro System 8/16,http://www.starringthecomputer.com//computer.html?c=119
Convergent Technologies Workslate,http://www.starringthecomputer.com//computer.html?c=299
Cromemco System I,http://www.starringthecomputer.com//computer.html?c=62
Cybiko Classic,http://www.starringthecomputer.com//computer.html?c=234
Data General Eclipse MV/20000,http://www.starringthecomputer.com//computer.html?c=292
DEC DecMate II,http://www.starringthecomputer.com//computer.html?c=144
Dell Axim X5,http://www.starringthecomputer.com//computer.html?c=320
Digital Scientific META-4,http://www.starringthecomputer.com//computer.html?c=406
Dynalogic Hyperion,http://www.starringthecomputer.com//computer.html?c=155
Dynamac EL,http://www.starringthecomputer.com//computer.html?c=340
Elliott 903,http://www.starringthecomputer.com//computer.html?c=74
English Electric System 4,http://www.starringthecomputer.com//computer.html?c=288
Entrex 480,http://www.starringthecomputer.com//computer.html?c=215
Epson HX-20,http://www.starringthecomputer.com//computer.html?c=171
Ericsson Portable PC,http://www.starringthecomputer.com//computer.html?c=83
Franklin Ace 1000,http://www.starringthecomputer.com//computer.html?c=61
Gateway 450,http://www.starringthecomputer.com//computer.html?c=244
GE Differential Analyzer,http://www.starringthecomputer.com//computer.html?c=60
GEC 4000,http://www.starringthecomputer.com//computer.html?c=99
Getac B300,http://www.starringthecomputer.com//computer.html?c=371
GPD Win,http://www.starringthecomputer.com//computer.html?c=424
GRiD Compass,http://www.starringthecomputer.com//computer.html?c=263
Heathkit H89,http://www.starringthecomputer.com//computer.html?c=397
Hitachi HIPAC 101,http://www.starringthecomputer.com//computer.html?c=417
Honeywell 6000,http://www.starringthecomputer.com//computer.html?c=227
HP 110,http://www.starringthecomputer.com//computer.html?c=9
Husky Hawk,http://www.starringthecomputer.com//computer.html?c=332
IBM 1460,http://www.starringthecomputer.com//computer.html?c=279
ICL 2900,http://www.starringthecomputer.com//computer.html?c=202
ICT 1301,http://www.starringthecomputer.com//computer.html?c=108
IMSAI 8080,http://www.starringthecomputer.com//computer.html?c=10
Intermec 6651,http://www.starringthecomputer.com//computer.html?c=235
Intertec Superbrain,http://www.starringthecomputer.com//computer.html?c=118
ISC Compucolor II,http://www.starringthecomputer.com//computer.html?c=238
Kaypro 10,http://www.starringthecomputer.com//computer.html?c=55
Lenovo ThinkPad W500,http://www.starringthecomputer.com//computer.html?c=386
LEO Computers LEO III,http://www.starringthecomputer.com//computer.html?c=296
Lockheed System III,http://www.starringthecomputer.com//computer.html?c=241
Mad Mad-1,http://www.starringthecomputer.com//computer.html?c=250
Mattel  Entertainment Computer System,http://www.starringthecomputer.com//computer.html?c=367
Mazovia 1016,http://www.starringthecomputer.com//computer.html?c=412
Memotech MTX 512,http://www.starringthecomputer.com//computer.html?c=7
Microwriter Agenda,http://www.starringthecomputer.com//computer.html?c=186
MITS Altair 680,http://www.starringthecomputer.com//computer.html?c=120
Motorola Accompli 009,http://www.starringthecomputer.com//computer.html?c=75
NEC PC-8401,http://www.starringthecomputer.com//computer.html?c=200
NeXT NeXTcube,http://www.starringthecomputer.com//computer.html?c=228
Nokia 770,http://www.starringthecomputer.com//computer.html?c=52
NorthStar Horizon,http://www.starringthecomputer.com//computer.html?c=170
Olivetti M15,http://www.starringthecomputer.com//computer.html?c=346
OLPC XO,http://www.starringthecomputer.com//computer.html?c=407
OQO Model 1,http://www.starringthecomputer.com//computer.html?c=147
Oracle Exadata X2,http://www.starringthecomputer.com//computer.html?c=338
Oric 1,http://www.starringthecomputer.com//computer.html?c=168
Osborne 1,http://www.starringthecomputer.com//computer.html?c=390
Otrona Attache,http://www.starringthecomputer.com//computer.html?c=357
Outbound Laptop,http://www.starringthecomputer.com//computer.html?c=96
Palm III,http://www.starringthecomputer.com//computer.html?c=57
Panasonic Toughbook,http://www.starringthecomputer.com//computer.html?c=181
Philips P2000C,http://www.starringthecomputer.com//computer.html?c=396
Prologica CP 500,http://www.starringthecomputer.com//computer.html?c=333
Psion 3a,http://www.starringthecomputer.com//computer.html?c=33
RCA Spectra 70,http://www.starringthecomputer.com//computer.html?c=275
Remington Rand 409,http://www.starringthecomputer.com//computer.html?c=405
Robotron A 5120,http://www.starringthecomputer.com//computer.html?c=373
Rugged Notebooks RNB230,http://www.starringthecomputer.com//computer.html?c=216
Samsung X30,http://www.starringthecomputer.com//computer.html?c=219
Scientific Computer Symbolics 3600,http://www.starringthecomputer.com//computer.html?c=280
SDS Sigma 7,http://www.starringthecomputer.com//computer.html?c=199
SGI Crimson,http://www.starringthecomputer.com//computer.html?c=14
Sharp Expertpad,http://www.starringthecomputer.com//computer.html?c=180
Siemens System 4004,http://www.starringthecomputer.com//computer.html?c=160
Sinclair Research MK14,http://www.starringthecomputer.com//computer.html?c=163
Sirius Victor 9000/Sirius 1,http://www.starringthecomputer.com//computer.html?c=313
Sony Hit-Bit 75,http://www.starringthecomputer.com//computer.html?c=158
Sony Ericsson Xperia X1,http://www.starringthecomputer.com//computer.html?c=273
Sperry PC,http://www.starringthecomputer.com//computer.html?c=421
Sperry Rand Solid State,http://www.starringthecomputer.com//computer.html?c=317
Sun Microsystems 3/50,http://www.starringthecomputer.com//computer.html?c=78
Tandy 1000,http://www.starringthecomputer.com//computer.html?c=423
Tektronix 405x,http://www.starringthecomputer.com//computer.html?c=298
Televideo TS-803,http://www.starringthecomputer.com//computer.html?c=27
Texas Instruments DS990/1,http://www.starringthecomputer.com//computer.html?c=403
Thinking Machines CM-5,http://www.starringthecomputer.com//computer.html?c=15
Torch 300 series,http://www.starringthecomputer.com//computer.html?c=269
Toshiba HX-10,http://www.starringthecomputer.com//computer.html?c=79
Triumph Adler Alphatronic P1/P2,http://www.starringthecomputer.com//computer.html?c=190
Unisys PW2 Series 500,http://www.starringthecomputer.com//computer.html?c=174
Univac 422,http://www.starringthecomputer.com//computer.html?c=189
Vector Graphic Vector 4,http://www.starringthecomputer.com//computer.html?c=262
VTech Laser 128,http://www.starringthecomputer.com//computer.html?c=307
Vye Mini-v,http://www.starringthecomputer.com//computer.html?c=123
Xerox Alto,http://www.starringthecomputer.com//computer.html?c=249
Zenith Supersport,http://www.starringthecomputer.com//computer.html?c=82
